<Ui xmlns="http://www.blizzard.com/wow/ui/" xmlns:xsi="http://www.w3.org/2001/XMLSchema-instance" xsi:schemaLocation="http://www.blizzard.com/wow/ui/
..\FrameXML\UI.xsd">


<Script file = "Libs\LibRangeCheck-2.0\LibRangeCheck-2.0.lua"/>
<Script file = "Libs\LibQTip-1.0\LibQTip-1.0.lua"/>
<Script file = "Libs\LibTalentQuery-1.0\LibTalentQuery-1.0.lua"/>
<Script file = "Libs\LibGroupTalents-1.0\LibGroupTalents-1.0.lua--noload"/>
<Script file = "Libs\AceSerializer-3.0\AceSerializer-3.0.lua"/>
<Script file = "Libs\LibMouseGestures-1.0\LibMouseGestures-1.0.lua"/>
<Script file = "Libs\LibUnitControl-1.0\LibUnitControl-1.0.lua"/>
<Script file = "Libs\LibNameplate-1.0\LibNameplate-1.0.lua"/>
<Script file = "Libs\LibTransition-1.0\LibTransition-1.0.lua"/>
<Script file = "Libs\LibAlts-1.0\LibAlts-1.0.lua"/>
<Include file = "Libs\AceComm-3.0\AceComm-3.0.xml"/>
<Include file = "Libs\LibLinq-1.0\lib.xml"/>
<Include file = "Libs\LibBossIDs-1.0\lib.xml"/>
<Include file = "Libs\LibFail-2.0\embeds.xml"/>
<Include file = "Libs\LibFail-2.0\lib.xml"/>

<Include file = "LibScriptableUtils-1.0\LibScriptableUtils-1.0.xml"/>
<Include file = "LibScriptablePlugins-1.0\LibScriptablePlugins-1.0.xml"/>
<Include file = "LibScriptableWidgets-1.0\LibScriptableWidgets-1.0.xml"/>
<Include file = "LibScriptableLCD-1.0\LibScriptableLCD-1.0.xml"/>
<Include file = "LibScriptableImages-1.0\LibScriptableImages-1.0.xml"/>

</Ui>
