<Ui xmlns="http://www.blizzard.com/wow/ui/" xmlns:xsi="http://www.w3.org/2001/XMLSchema-instance" xsi:schemaLocation="http://www.blizzard.com/wow/ui/
..\FrameXML\UI.xsd">

<Script file = "LibScriptableWidget-1.0\LibScriptableWidget-1.0.lua"/>
<Script file = "LibScriptableWidgetText-1.0\LibScriptableWidgetText-1.0.lua"/>
<Script file = "LibScriptableWidgetBar-1.0\LibScriptableWidgetBar-1.0.lua"/>
<Script file = "LibScriptableWidgetIcon-1.0\LibScriptableWidgetIcon-1.0.lua"/>
<Script file = "LibScriptableWidgetHistogram-1.0\LibScriptableWidgetHistogram-1.0.lua"/>
<Script file = "LibScriptableWidgetKey-1.0\LibScriptableWidgetKey-1.0.lua"/>
<Script file = "LibScriptableWidgetTimer-1.0\LibScriptableWidgetTimer-1.0.lua"/>
<Script file = "LibScriptableWidgetGestures-1.0\LibScriptableWidgetGestures-1.0.lua"/>
<Script file = "LibScriptableWidgetImage-1.0\LibScriptableWidgetImage-1.0.lua"/>
<Script file = "LibScriptableWidgetColor-1.0\LibScriptableWidgetColor-1.0.lua"/>

</Ui>
