<Ui xmlns="http://www.blizzard.com/wow/ui/" xmlns:xsi="http://www.w3.org/2001/XMLSchema-instance" xsi:schemaLocation="http://www.blizzard.com/wow/ui/
..\FrameXML\UI.xsd">


<Include file = "LibScriptableUtilsLocale-1.0\LibScriptableUtilsLocale-1.0.xml"/>
<Script file = "LibScriptableUtilsError-1.0\LibScriptableUtilsError-1.0.lua"/>
<Script file = "LibScriptableUtilsBuffer-1.0\LibScriptableUtilsBuffer-1.0.lua"/>
<Script file = "LibScriptableUtilsEvaluator-1.0\LibScriptableUtilsEvaluator-1.0.lua"/>
<Script file = "LibScriptableUtilsProperty-1.0\LibScriptableUtilsProperty-1.0.lua"/>
<Script file = "LibScriptableUtilsTimer-1.0\LibScriptableUtilsTimer-1.0.lua"/>
<Script file = "LibScriptableUtilsCFG-1.0\LibScriptableUtilsCFG-1.0.lua"/>
<Script file = "LibScriptableUtilsHook-1.0\LibScriptableUtilsHook-1.0.lua"/>

</Ui>
