<Ui xmlns="http://www.blizzard.com/wow/ui/" xmlns:xsi="http://www.w3.org/2001/XMLSchema-instance" xsi:schemaLocation="http://www.blizzard.com/wow/ui/
..\FrameXML\UI.xsd">
  <Script file="LibLinq-1.0.lua"/>
  <Script file="Utilities.lua"/>
  <Script file="Enumerator.lua"/>
  <Script file="Enumerable.lua"/>
  <Script file="Enumerable-Action.lua"/>
  <Script file="Enumerable-Aggregate.lua"/>
  <Script file="Enumerable-Functional.lua"/>
  <Script file="Enumerable-Generators.lua"/>
  <Script file="Enumerable-Group.lua"/>
  <Script file="Enumerable-Ordering.lua"/>
  <Script file="Enumerable-Paging.lua"/>
  <Script file="Enumerable-Projection.lua"/>
  <Script file="Enumerable-Set.lua"/>
  <Script file="List.lua"/>
  <Script file="Set.lua"/>
  <Script file="Dictionary.lua"/>
  <Script file="Stack.lua"/>
  <Script file="Queue.lua"/>
  <Script file="load.lua"/>
</Ui>